<?xml version="1.0" encoding="UTF-8"?>
<Tokens version="1.0">
  <Token>
    <TokenIdentifier>
      <Name>SIMAddress</Name>
      <APILanguage>c</APILanguage>
      <Type>cl</Type>
      <Scope>SIMAddress</Scope>
    </TokenIdentifier>
    <Path>interface_s_i_m_address.html</Path>
    <DeclaredIn>SIMAddress.h</DeclaredIn>
  </Token>
  <Token>
    <TokenIdentifier>
      <Name>initWithName:addressLine1:addressLine2:city:state:zip:</Name>
      <APILanguage>occ</APILanguage>
      <Type>instm</Type>
      <Scope>SIMAddress</Scope>
    </TokenIdentifier>
    <Path>interface_s_i_m_address.html</Path>
    <Anchor>aad2a41054ea983e4a634edd0b523eaac</Anchor>
    <DeclaredIn>SIMAddress.h</DeclaredIn>
  </Token>
  <Token>
    <TokenIdentifier>
      <Name>initWithName:addressLine1:addressLine2:city:state:zip:</Name>
      <APILanguage>occ</APILanguage>
      <Type>instm</Type>
      <Scope>SIMAddress</Scope>
    </TokenIdentifier>
    <Path>interface_s_i_m_address.html</Path>
    <Anchor>aad2a41054ea983e4a634edd0b523eaac</Anchor>
    <DeclaredIn>SIMAddress.h</DeclaredIn>
  </Token>
  <Token>
    <TokenIdentifier>
      <Name>name</Name>
      <APILanguage>occ</APILanguage>
      <Type>instp</Type>
      <Scope>SIMAddress</Scope>
    </TokenIdentifier>
    <Path>interface_s_i_m_address.html</Path>
    <Anchor>ae72dce1f72069aefb8c880fd7eba7956</Anchor>
  </Token>
  <Token>
    <TokenIdentifier>
      <Name>addressLine1</Name>
      <APILanguage>occ</APILanguage>
      <Type>instp</Type>
      <Scope>SIMAddress</Scope>
    </TokenIdentifier>
    <Path>interface_s_i_m_address.html</Path>
    <Anchor>a7b9ed3c8795d38afed4f1e0d0f1e275a</Anchor>
  </Token>
  <Token>
    <TokenIdentifier>
      <Name>addressLine2</Name>
      <APILanguage>occ</APILanguage>
      <Type>instp</Type>
      <Scope>SIMAddress</Scope>
    </TokenIdentifier>
    <Path>interface_s_i_m_address.html</Path>
    <Anchor>a0328f551b706220b57a7348c30226638</Anchor>
  </Token>
  <Token>
    <TokenIdentifier>
      <Name>city</Name>
      <APILanguage>occ</APILanguage>
      <Type>instp</Type>
      <Scope>SIMAddress</Scope>
    </TokenIdentifier>
    <Path>interface_s_i_m_address.html</Path>
    <Anchor>a2960ef0936b06c7d932960bdf131681f</Anchor>
  </Token>
  <Token>
    <TokenIdentifier>
      <Name>state</Name>
      <APILanguage>occ</APILanguage>
      <Type>instp</Type>
      <Scope>SIMAddress</Scope>
    </TokenIdentifier>
    <Path>interface_s_i_m_address.html</Path>
    <Anchor>a0cbf96a66de3b152ab40ea7806fef079</Anchor>
  </Token>
  <Token>
    <TokenIdentifier>
      <Name>zip</Name>
      <APILanguage>occ</APILanguage>
      <Type>instp</Type>
      <Scope>SIMAddress</Scope>
    </TokenIdentifier>
    <Path>interface_s_i_m_address.html</Path>
    <Anchor>a2c7426a63433b1de4546e1509a9ea01f</Anchor>
  </Token>
  <Token>
    <TokenIdentifier>
      <Name>country</Name>
      <APILanguage>occ</APILanguage>
      <Type>instp</Type>
      <Scope>SIMAddress</Scope>
    </TokenIdentifier>
    <Path>interface_s_i_m_address.html</Path>
    <Anchor>a5f39cf7cff79eb74b57187124a69b488</Anchor>
  </Token>
  <Token>
    <TokenIdentifier>
      <Name>SIMAPIManager</Name>
      <APILanguage>c</APILanguage>
      <Type>cl</Type>
      <Scope>SIMAPIManager</Scope>
    </TokenIdentifier>
    <Path>interface_s_i_m_a_p_i_manager.html</Path>
    <DeclaredIn>SIMAPIManager.h</DeclaredIn>
  </Token>
  <Token>
    <TokenIdentifier>
      <Name>initWithApiKey:error:</Name>
      <APILanguage>occ</APILanguage>
      <Type>instm</Type>
      <Scope>SIMAPIManager</Scope>
    </TokenIdentifier>
    <Path>interface_s_i_m_a_p_i_manager.html</Path>
    <Anchor>ac7a1485ec709d6843a0abd560f52585e</Anchor>
    <DeclaredIn>SIMAPIManager.h</DeclaredIn>
  </Token>
  <Token>
    <TokenIdentifier>
      <Name>createCardTokenWithExpirationMonth:expirationYear:cardNumber:cvc:address:completionHander:</Name>
      <APILanguage>occ</APILanguage>
      <Type>instm</Type>
      <Scope>SIMAPIManager</Scope>
    </TokenIdentifier>
    <Path>interface_s_i_m_a_p_i_manager.html</Path>
    <Anchor>ab00e271a753354d59ec2acd39013fdf1</Anchor>
    <DeclaredIn>SIMAPIManager.h</DeclaredIn>
  </Token>
  <Token>
    <TokenIdentifier>
      <Name>CardTokenCompletionHandler</Name>
      <APILanguage>cpp</APILanguage>
      <Type>tdef</Type>
      <Scope>SIMAPIManager</Scope>
    </TokenIdentifier>
    <Path>interface_s_i_m_a_p_i_manager.html</Path>
    <Anchor>a46f453c49f63c47d429c1cff41e71f77</Anchor>
  </Token>
  <Token>
    <TokenIdentifier>
      <Name>isLiveMode</Name>
      <APILanguage>occ</APILanguage>
      <Type>instp</Type>
      <Scope>SIMAPIManager</Scope>
    </TokenIdentifier>
    <Path>interface_s_i_m_a_p_i_manager.html</Path>
    <Anchor>aa1a33aa91ef10dff760719c019774f6a</Anchor>
  </Token>
  <Token>
    <TokenIdentifier>
      <Name>SIMCardType</Name>
      <APILanguage>c</APILanguage>
      <Type>cl</Type>
      <Scope>SIMCardType</Scope>
    </TokenIdentifier>
    <Path>interface_s_i_m_card_type.html</Path>
    <DeclaredIn>SIMCardType.h</DeclaredIn>
  </Token>
  <Token>
    <TokenIdentifier>
      <Name>cardTypeFromCardNumberString:</Name>
      <APILanguage>occ</APILanguage>
      <Type>clm</Type>
      <Scope>SIMCardType</Scope>
    </TokenIdentifier>
    <Path>interface_s_i_m_card_type.html</Path>
    <Anchor>a712343878fd9c6ffcabd400946f67ba9</Anchor>
    <DeclaredIn>SIMCardType.h</DeclaredIn>
  </Token>
  <Token>
    <TokenIdentifier>
      <Name>hasPrefixFromArray:inString:</Name>
      <APILanguage>occ</APILanguage>
      <Type>clm</Type>
      <Scope>SIMCardType</Scope>
    </TokenIdentifier>
    <Path>interface_s_i_m_card_type.html</Path>
    <Anchor>aecf71802d122c3db429175e073ae3261</Anchor>
    <DeclaredIn>SIMCardType.h</DeclaredIn>
  </Token>
  <Token>
    <TokenIdentifier>
      <Name>cardTypeFromCardNumberString:</Name>
      <APILanguage>occ</APILanguage>
      <Type>clm</Type>
      <Scope>SIMCardType</Scope>
    </TokenIdentifier>
    <Path>interface_s_i_m_card_type.html</Path>
    <Anchor>a712343878fd9c6ffcabd400946f67ba9</Anchor>
    <DeclaredIn>SIMCardType.h</DeclaredIn>
  </Token>
  <Token>
    <TokenIdentifier>
      <Name>hasPrefixFromArray:inString:</Name>
      <APILanguage>occ</APILanguage>
      <Type>clm</Type>
      <Scope>SIMCardType</Scope>
    </TokenIdentifier>
    <Path>interface_s_i_m_card_type.html</Path>
    <Anchor>aecf71802d122c3db429175e073ae3261</Anchor>
    <DeclaredIn>SIMCardType.h</DeclaredIn>
  </Token>
  <Token>
    <TokenIdentifier>
      <Name>cardTypeString</Name>
      <APILanguage>occ</APILanguage>
      <Type>instp</Type>
      <Scope>SIMCardType</Scope>
    </TokenIdentifier>
    <Path>interface_s_i_m_card_type.html</Path>
    <Anchor>a4fe1071a37a649a84e911eab7ca52fe4</Anchor>
  </Token>
  <Token>
    <TokenIdentifier>
      <Name>CVCLength</Name>
      <APILanguage>occ</APILanguage>
      <Type>instp</Type>
      <Scope>SIMCardType</Scope>
    </TokenIdentifier>
    <Path>interface_s_i_m_card_type.html</Path>
    <Anchor>a9f95ae781593eea59f7cabb4d697c5b6</Anchor>
  </Token>
  <Token>
    <TokenIdentifier>
      <Name>minCardLength</Name>
      <APILanguage>occ</APILanguage>
      <Type>instp</Type>
      <Scope>SIMCardType</Scope>
    </TokenIdentifier>
    <Path>interface_s_i_m_card_type.html</Path>
    <Anchor>aa631192ded99fc66d62e6be3ce1758f6</Anchor>
  </Token>
  <Token>
    <TokenIdentifier>
      <Name>maxCardLength</Name>
      <APILanguage>occ</APILanguage>
      <Type>instp</Type>
      <Scope>SIMCardType</Scope>
    </TokenIdentifier>
    <Path>interface_s_i_m_card_type.html</Path>
    <Anchor>abb0047158408b19de59b23c916591f70</Anchor>
  </Token>
  <Token>
    <TokenIdentifier>
      <Name>SIMChargeCardModel</Name>
      <APILanguage>c</APILanguage>
      <Type>cl</Type>
      <Scope>SIMChargeCardModel</Scope>
    </TokenIdentifier>
    <Path>interface_s_i_m_charge_card_model.html</Path>
    <DeclaredIn>SIMChargeCardModel.h</DeclaredIn>
  </Token>
  <Token>
    <TokenIdentifier>
      <Name>isCardChargePossible</Name>
      <APILanguage>occ</APILanguage>
      <Type>instm</Type>
      <Scope>SIMChargeCardModel</Scope>
    </TokenIdentifier>
    <Path>interface_s_i_m_charge_card_model.html</Path>
    <Anchor>a61d83fdc0269622d26ad724f5f023e68</Anchor>
    <DeclaredIn>SIMChargeCardModel.h</DeclaredIn>
  </Token>
  <Token>
    <TokenIdentifier>
      <Name>isCardNumberValid</Name>
      <APILanguage>occ</APILanguage>
      <Type>instm</Type>
      <Scope>SIMChargeCardModel</Scope>
    </TokenIdentifier>
    <Path>interface_s_i_m_charge_card_model.html</Path>
    <Anchor>a6f2904800f0448ad6cd701fc4969e250</Anchor>
    <DeclaredIn>SIMChargeCardModel.h</DeclaredIn>
  </Token>
  <Token>
    <TokenIdentifier>
      <Name>isExpirationDateValid</Name>
      <APILanguage>occ</APILanguage>
      <Type>instm</Type>
      <Scope>SIMChargeCardModel</Scope>
    </TokenIdentifier>
    <Path>interface_s_i_m_charge_card_model.html</Path>
    <Anchor>a58e2c1699e7c82e56cea6a1f5648e0d6</Anchor>
    <DeclaredIn>SIMChargeCardModel.h</DeclaredIn>
  </Token>
  <Token>
    <TokenIdentifier>
      <Name>isCVCCodeValid</Name>
      <APILanguage>occ</APILanguage>
      <Type>instm</Type>
      <Scope>SIMChargeCardModel</Scope>
    </TokenIdentifier>
    <Path>interface_s_i_m_charge_card_model.html</Path>
    <Anchor>adab4e53c72b8455a60d390c769b909b1</Anchor>
    <DeclaredIn>SIMChargeCardModel.h</DeclaredIn>
  </Token>
  <Token>
    <TokenIdentifier>
      <Name>updateCardNumberWithString:</Name>
      <APILanguage>occ</APILanguage>
      <Type>instm</Type>
      <Scope>SIMChargeCardModel</Scope>
    </TokenIdentifier>
    <Path>interface_s_i_m_charge_card_model.html</Path>
    <Anchor>a4fa5ea6139ee1ddf2bd4b5e6182ba55d</Anchor>
    <DeclaredIn>SIMChargeCardModel.h</DeclaredIn>
  </Token>
  <Token>
    <TokenIdentifier>
      <Name>updateExpirationDateWithString:</Name>
      <APILanguage>occ</APILanguage>
      <Type>instm</Type>
      <Scope>SIMChargeCardModel</Scope>
    </TokenIdentifier>
    <Path>interface_s_i_m_charge_card_model.html</Path>
    <Anchor>af69c48aa1505535400d446767646bea2</Anchor>
    <DeclaredIn>SIMChargeCardModel.h</DeclaredIn>
  </Token>
  <Token>
    <TokenIdentifier>
      <Name>updateCVCNumberWithString:</Name>
      <APILanguage>occ</APILanguage>
      <Type>instm</Type>
      <Scope>SIMChargeCardModel</Scope>
    </TokenIdentifier>
    <Path>interface_s_i_m_charge_card_model.html</Path>
    <Anchor>ac7dda9f0b7feeb1a2b844217ac6759e8</Anchor>
    <DeclaredIn>SIMChargeCardModel.h</DeclaredIn>
  </Token>
  <Token>
    <TokenIdentifier>
      <Name>retrieveToken</Name>
      <APILanguage>occ</APILanguage>
      <Type>instm</Type>
      <Scope>SIMChargeCardModel</Scope>
    </TokenIdentifier>
    <Path>interface_s_i_m_charge_card_model.html</Path>
    <Anchor>ae8ab63d75a79febda736e63f9799c09e</Anchor>
    <DeclaredIn>SIMChargeCardModel.h</DeclaredIn>
  </Token>
  <Token>
    <TokenIdentifier>
      <Name>delegate</Name>
      <APILanguage>occ</APILanguage>
      <Type>instp</Type>
      <Scope>SIMChargeCardModel</Scope>
    </TokenIdentifier>
    <Path>interface_s_i_m_charge_card_model.html</Path>
    <Anchor>a21055a4b99124afa09e838a3d3918795</Anchor>
  </Token>
  <Token>
    <TokenIdentifier>
      <Name>cardNumber</Name>
      <APILanguage>occ</APILanguage>
      <Type>instp</Type>
      <Scope>SIMChargeCardModel</Scope>
    </TokenIdentifier>
    <Path>interface_s_i_m_charge_card_model.html</Path>
    <Anchor>a68e56d4262e6f3d43b296119afd0d157</Anchor>
  </Token>
  <Token>
    <TokenIdentifier>
      <Name>expirationDate</Name>
      <APILanguage>occ</APILanguage>
      <Type>instp</Type>
      <Scope>SIMChargeCardModel</Scope>
    </TokenIdentifier>
    <Path>interface_s_i_m_charge_card_model.html</Path>
    <Anchor>a71357faf684421a9c32a220df8d554ef</Anchor>
  </Token>
  <Token>
    <TokenIdentifier>
      <Name>expirationMonth</Name>
      <APILanguage>occ</APILanguage>
      <Type>instp</Type>
      <Scope>SIMChargeCardModel</Scope>
    </TokenIdentifier>
    <Path>interface_s_i_m_charge_card_model.html</Path>
    <Anchor>ac77201d79004dc2218ae025981417506</Anchor>
  </Token>
  <Token>
    <TokenIdentifier>
      <Name>expirationYear</Name>
      <APILanguage>occ</APILanguage>
      <Type>instp</Type>
      <Scope>SIMChargeCardModel</Scope>
    </TokenIdentifier>
    <Path>interface_s_i_m_charge_card_model.html</Path>
    <Anchor>a4022c75fcb1f955223c207b4d1ec8fe6</Anchor>
  </Token>
  <Token>
    <TokenIdentifier>
      <Name>formattedCardNumber</Name>
      <APILanguage>occ</APILanguage>
      <Type>instp</Type>
      <Scope>SIMChargeCardModel</Scope>
    </TokenIdentifier>
    <Path>interface_s_i_m_charge_card_model.html</Path>
    <Anchor>aa79119ef520ac67efa11b3641e2bbbc0</Anchor>
  </Token>
  <Token>
    <TokenIdentifier>
      <Name>formattedExpirationDate</Name>
      <APILanguage>occ</APILanguage>
      <Type>instp</Type>
      <Scope>SIMChargeCardModel</Scope>
    </TokenIdentifier>
    <Path>interface_s_i_m_charge_card_model.html</Path>
    <Anchor>a1091214aeb994a168f43a8d3725851a4</Anchor>
  </Token>
  <Token>
    <TokenIdentifier>
      <Name>cvcCode</Name>
      <APILanguage>occ</APILanguage>
      <Type>instp</Type>
      <Scope>SIMChargeCardModel</Scope>
    </TokenIdentifier>
    <Path>interface_s_i_m_charge_card_model.html</Path>
    <Anchor>a7f9cb7cd8ba3840c6796c1c5dd250f70</Anchor>
  </Token>
  <Token>
    <TokenIdentifier>
      <Name>cardTypeString</Name>
      <APILanguage>occ</APILanguage>
      <Type>instp</Type>
      <Scope>SIMChargeCardModel</Scope>
    </TokenIdentifier>
    <Path>interface_s_i_m_charge_card_model.html</Path>
    <Anchor>ac2cab421b3fae53befef8164b197f652</Anchor>
  </Token>
  <Token>
    <TokenIdentifier>
      <Name>address</Name>
      <APILanguage>occ</APILanguage>
      <Type>instp</Type>
      <Scope>SIMChargeCardModel</Scope>
    </TokenIdentifier>
    <Path>interface_s_i_m_charge_card_model.html</Path>
    <Anchor>aeb8910e066039599f5bd1ca4b8e4fabc</Anchor>
  </Token>
  <Token>
    <TokenIdentifier>
      <Name>cardType</Name>
      <APILanguage>occ</APILanguage>
      <Type>instp</Type>
      <Scope>SIMChargeCardModel</Scope>
    </TokenIdentifier>
    <Path>interface_s_i_m_charge_card_model.html</Path>
    <Anchor>a5dd15cd28ff0072d6e0c417d6c3e3ee5</Anchor>
  </Token>
  <Token>
    <TokenIdentifier>
      <Name>SIMChargeCardModelDelegate</Name>
      <APILanguage>c</APILanguage>
      <Type>intf</Type>
      <Scope>SIMChargeCardModelDelegate</Scope>
    </TokenIdentifier>
    <Path>protocol_s_i_m_charge_card_model_delegate-p.html</Path>
    <DeclaredIn>SIMChargeCardModel.h</DeclaredIn>
  </Token>
  <Token>
    <TokenIdentifier>
      <Name>tokenFailedWithError:</Name>
      <APILanguage>occ</APILanguage>
      <Type>intfm</Type>
      <Scope>SIMChargeCardModelDelegate-p</Scope>
    </TokenIdentifier>
    <Path>protocol_s_i_m_charge_card_model_delegate-p.html</Path>
    <Anchor>af746683601a86985246a348071a01a40</Anchor>
    <DeclaredIn>SIMChargeCardModel.h</DeclaredIn>
  </Token>
  <Token>
    <TokenIdentifier>
      <Name>tokenProcessed:</Name>
      <APILanguage>occ</APILanguage>
      <Type>intfm</Type>
      <Scope>SIMChargeCardModelDelegate-p</Scope>
    </TokenIdentifier>
    <Path>protocol_s_i_m_charge_card_model_delegate-p.html</Path>
    <Anchor>a34e234af5f832cabf1ce822c7ed7c86a</Anchor>
    <DeclaredIn>SIMChargeCardModel.h</DeclaredIn>
  </Token>
  <Token>
    <TokenIdentifier>
      <Name>SIMChargeCardViewController</Name>
      <APILanguage>c</APILanguage>
      <Type>cl</Type>
      <Scope>SIMChargeCardViewController</Scope>
    </TokenIdentifier>
    <Path>interface_s_i_m_charge_card_view_controller.html</Path>
    <DeclaredIn>SIMChargeCardViewController.h</DeclaredIn>
  </Token>
  <Token>
    <TokenIdentifier>
      <Name>delegate</Name>
      <APILanguage>occ</APILanguage>
      <Type>instp</Type>
      <Scope>SIMChargeCardViewController</Scope>
    </TokenIdentifier>
    <Path>interface_s_i_m_charge_card_view_controller.html</Path>
    <Anchor>a2aca448738a2d92c7f0e3fe15efeaea5</Anchor>
  </Token>
  <Token>
    <TokenIdentifier>
      <Name>SIMChargeCardViewControllerDelegate</Name>
      <APILanguage>c</APILanguage>
      <Type>intf</Type>
      <Scope>SIMChargeCardViewControllerDelegate</Scope>
    </TokenIdentifier>
    <Path>protocol_s_i_m_charge_card_view_controller_delegate-p.html</Path>
    <DeclaredIn>SIMChargeCardViewController.h</DeclaredIn>
  </Token>
  <Token>
    <TokenIdentifier>
      <Name>chargeCardCancelled</Name>
      <APILanguage>occ</APILanguage>
      <Type>intfm</Type>
      <Scope>SIMChargeCardViewControllerDelegate-p</Scope>
    </TokenIdentifier>
    <Path>protocol_s_i_m_charge_card_view_controller_delegate-p.html</Path>
    <Anchor>a7bfc172ac410cecdd438851131b8f7ce</Anchor>
    <DeclaredIn>SIMChargeCardViewController.h</DeclaredIn>
  </Token>
  <Token>
    <TokenIdentifier>
      <Name>creditCardTokenFailedWithError:</Name>
      <APILanguage>occ</APILanguage>
      <Type>intfm</Type>
      <Scope>SIMChargeCardViewControllerDelegate-p</Scope>
    </TokenIdentifier>
    <Path>protocol_s_i_m_charge_card_view_controller_delegate-p.html</Path>
    <Anchor>a7b4dff72cb64ee84db17e0b690a8ede6</Anchor>
    <DeclaredIn>SIMChargeCardViewController.h</DeclaredIn>
  </Token>
  <Token>
    <TokenIdentifier>
      <Name>creditCardTokenProcessed:</Name>
      <APILanguage>occ</APILanguage>
      <Type>intfm</Type>
      <Scope>SIMChargeCardViewControllerDelegate-p</Scope>
    </TokenIdentifier>
    <Path>protocol_s_i_m_charge_card_view_controller_delegate-p.html</Path>
    <Anchor>abfcc00f4755a1724564a87a80dc8b8e8</Anchor>
    <DeclaredIn>SIMChargeCardViewController.h</DeclaredIn>
  </Token>
  <Token>
    <TokenIdentifier>
      <Name>chargeCardCancelled</Name>
      <APILanguage>occ</APILanguage>
      <Type>intfm</Type>
      <Scope>SIMChargeCardViewControllerDelegate-p</Scope>
    </TokenIdentifier>
    <Path>protocol_s_i_m_charge_card_view_controller_delegate-p.html</Path>
    <Anchor>a7bfc172ac410cecdd438851131b8f7ce</Anchor>
    <DeclaredIn>SIMChargeCardViewController.h</DeclaredIn>
  </Token>
  <Token>
    <TokenIdentifier>
      <Name>creditCardTokenFailedWithError:</Name>
      <APILanguage>occ</APILanguage>
      <Type>intfm</Type>
      <Scope>SIMChargeCardViewControllerDelegate-p</Scope>
    </TokenIdentifier>
    <Path>protocol_s_i_m_charge_card_view_controller_delegate-p.html</Path>
    <Anchor>a7b4dff72cb64ee84db17e0b690a8ede6</Anchor>
    <DeclaredIn>SIMChargeCardViewController.h</DeclaredIn>
  </Token>
  <Token>
    <TokenIdentifier>
      <Name>creditCardTokenProcessed:</Name>
      <APILanguage>occ</APILanguage>
      <Type>intfm</Type>
      <Scope>SIMChargeCardViewControllerDelegate-p</Scope>
    </TokenIdentifier>
    <Path>protocol_s_i_m_charge_card_view_controller_delegate-p.html</Path>
    <Anchor>abfcc00f4755a1724564a87a80dc8b8e8</Anchor>
    <DeclaredIn>SIMChargeCardViewController.h</DeclaredIn>
  </Token>
  <Token>
    <TokenIdentifier>
      <Name>SIMDigitVerifier</Name>
      <APILanguage>c</APILanguage>
      <Type>cl</Type>
      <Scope>SIMDigitVerifier</Scope>
    </TokenIdentifier>
    <Path>interface_s_i_m_digit_verifier.html</Path>
    <DeclaredIn>SIMDigitVerifier.h</DeclaredIn>
  </Token>
  <Token>
    <TokenIdentifier>
      <Name>isDigit:</Name>
      <APILanguage>occ</APILanguage>
      <Type>instm</Type>
      <Scope>SIMDigitVerifier</Scope>
    </TokenIdentifier>
    <Path>interface_s_i_m_digit_verifier.html</Path>
    <Anchor>a1f51fcc5ddca04eff388dee6bbf5c1e7</Anchor>
    <DeclaredIn>SIMDigitVerifier.h</DeclaredIn>
  </Token>
  <Token>
    <TokenIdentifier>
      <Name>isDigit:</Name>
      <APILanguage>occ</APILanguage>
      <Type>instm</Type>
      <Scope>SIMDigitVerifier</Scope>
    </TokenIdentifier>
    <Path>interface_s_i_m_digit_verifier.html</Path>
    <Anchor>a1f51fcc5ddca04eff388dee6bbf5c1e7</Anchor>
    <DeclaredIn>SIMDigitVerifier.h</DeclaredIn>
  </Token>
  <Token>
    <TokenIdentifier>
      <Name>SIMLuhnValidator</Name>
      <APILanguage>c</APILanguage>
      <Type>cl</Type>
      <Scope>SIMLuhnValidator</Scope>
    </TokenIdentifier>
    <Path>interface_s_i_m_luhn_validator.html</Path>
    <DeclaredIn>SIMLuhnValidator.h</DeclaredIn>
  </Token>
  <Token>
    <TokenIdentifier>
      <Name>luhnValidateString:</Name>
      <APILanguage>occ</APILanguage>
      <Type>instm</Type>
      <Scope>SIMLuhnValidator</Scope>
    </TokenIdentifier>
    <Path>interface_s_i_m_luhn_validator.html</Path>
    <Anchor>ae6c34f7234950148231ed71bfccadf22</Anchor>
    <DeclaredIn>SIMLuhnValidator.h</DeclaredIn>
  </Token>
  <Token>
    <TokenIdentifier>
      <Name>luhnValidateString:</Name>
      <APILanguage>occ</APILanguage>
      <Type>instm</Type>
      <Scope>SIMLuhnValidator</Scope>
    </TokenIdentifier>
    <Path>interface_s_i_m_luhn_validator.html</Path>
    <Anchor>ae6c34f7234950148231ed71bfccadf22</Anchor>
    <DeclaredIn>SIMLuhnValidator.h</DeclaredIn>
  </Token>
  <Token>
    <TokenIdentifier>
      <Name>SIMSimplify</Name>
      <APILanguage>c</APILanguage>
      <Type>cl</Type>
      <Scope>SIMSimplify</Scope>
    </TokenIdentifier>
    <Path>interface_s_i_m_simplify.html</Path>
    <DeclaredIn>SIMSimplify.h</DeclaredIn>
  </Token>
  <Token>
    <TokenIdentifier>
      <Name>initWithPublicKey:error:</Name>
      <APILanguage>occ</APILanguage>
      <Type>instm</Type>
      <Scope>SIMSimplify</Scope>
    </TokenIdentifier>
    <Path>interface_s_i_m_simplify.html</Path>
    <Anchor>ac4a31c5eed5acbc28fca394b93df22aa</Anchor>
    <DeclaredIn>SIMSimplify.h</DeclaredIn>
  </Token>
  <Token>
    <TokenIdentifier>
      <Name>createCardTokenWithExpirationMonth:expirationYear:cardNumber:cvc:address:completionHander:</Name>
      <APILanguage>occ</APILanguage>
      <Type>instm</Type>
      <Scope>SIMSimplify</Scope>
    </TokenIdentifier>
    <Path>interface_s_i_m_simplify.html</Path>
    <Anchor>af93e60941fc96eb9a1e1799c30b8f3d1</Anchor>
    <DeclaredIn>SIMSimplify.h</DeclaredIn>
  </Token>
  <Token>
    <TokenIdentifier>
      <Name>initWithPublicKey:error:</Name>
      <APILanguage>occ</APILanguage>
      <Type>instm</Type>
      <Scope>SIMSimplify</Scope>
    </TokenIdentifier>
    <Path>interface_s_i_m_simplify.html</Path>
    <Anchor>ac4a31c5eed5acbc28fca394b93df22aa</Anchor>
    <DeclaredIn>SIMSimplify.h</DeclaredIn>
  </Token>
  <Token>
    <TokenIdentifier>
      <Name>createCardTokenWithExpirationMonth:expirationYear:cardNumber:cvc:address:completionHander:</Name>
      <APILanguage>occ</APILanguage>
      <Type>instm</Type>
      <Scope>SIMSimplify</Scope>
    </TokenIdentifier>
    <Path>interface_s_i_m_simplify.html</Path>
    <Anchor>af93e60941fc96eb9a1e1799c30b8f3d1</Anchor>
    <DeclaredIn>SIMSimplify.h</DeclaredIn>
  </Token>
  <Token>
    <TokenIdentifier>
      <Name>CardTokenCompletionHandler</Name>
      <APILanguage>cpp</APILanguage>
      <Type>tdef</Type>
      <Scope>SIMSimplify</Scope>
    </TokenIdentifier>
    <Path>interface_s_i_m_simplify.html</Path>
    <Anchor>adfa0ea4b604f2fd39a101931382c25e1</Anchor>
  </Token>
  <Token>
    <TokenIdentifier>
      <Name>CardTokenCompletionHandler</Name>
      <APILanguage>cpp</APILanguage>
      <Type>tdef</Type>
      <Scope>SIMSimplify</Scope>
    </TokenIdentifier>
    <Path>interface_s_i_m_simplify.html</Path>
    <Anchor>adfa0ea4b604f2fd39a101931382c25e1</Anchor>
  </Token>
  <Token>
    <TokenIdentifier>
      <Name>isLiveMode</Name>
      <APILanguage>occ</APILanguage>
      <Type>instp</Type>
      <Scope>SIMSimplify</Scope>
    </TokenIdentifier>
    <Path>interface_s_i_m_simplify.html</Path>
    <Anchor>a05648565a5713a55a45fa82b41dd7e95</Anchor>
  </Token>
</Tokens>
